term,df,sumsq,meansq,statistic,p.value
group,2,25.79492667281804,12.89746333640902,3.5138915100324923,0.033626833146731754
Residuals,97,356.03089624702346,3.6704216107940564,NA,NA
