term,df,sumsq,meansq,statistic,p.value
group,2,1.097325112526522,0.548662556263261,0.13479763537970627,0.8740561522098904
Residuals,97,394.8160352191802,4.070268404321445,NA,NA
