term,df,sumsq,meansq,statistic,p.value
group,2,20.827869559552024,10.413934779776012,2.568596614589541,0.08184818167918856
Residuals,97,393.26987659356325,4.05432862467591,NA,NA
