value,x_var,y_var
1,0.006392347731096012,0.09821434701166483
0.006392347731096012,1,0.05959835629421802
0.09821434701166483,0.05959835629421802,1
