value,x_var,y_var
1,0.12106587222082618,-0.04242691592936628
0.12106587222082618,1,0.09020745455246004
-0.04242691592936628,0.09020745455246004,1
