value,x_var,y_var
1,0.0754095794988623,0.06424588649250736
0.0754095794988623,1,-0.20277477326157428
0.06424588649250736,-0.20277477326157428,1
