value_mean,x_var_mean,y_var_mean,value_sd,x_var_sd,y_var_sd,value_median,x_var_median,y_var_median
10.038301106554291,4.8647148228483275,9.443875223071222,1.9638804683940958,3.0812922182561264,5.535395639477916,10.104717766739345,4.9365181650500745,9.446869950637716
