value_mean,x_var_mean,y_var_mean,value_sd,x_var_sd,y_var_sd,value_median,x_var_median,y_var_median
9.983851879837209,5.174409238644875,10.246493225413206,2.045190826475157,2.8210513372495827,6.178206461804781,10.052296310405037,4.788407556479797,9.65939757470931
