value_mean,x_var_mean,y_var_mean,value_sd,x_var_sd,y_var_sd,value_median,x_var_median,y_var_median
9.709392927828915,4.87824084898457,8.440102207394247,1.999781200990604,2.9088498543741563,5.6107216073298085,9.885117780329743,4.853332625934854,7.882652944665544
