term,estimate,std.error,statistic,p.value
(Intercept),9.22424908526164,1.2969886889975342,7.1120505240421394,1.8836366984427322e-10
x_var,0.19755765209233522,0.22032518867101739,0.8966639415310887,0.37209566125910665
