term,estimate,std.error,statistic,p.value
(Intercept),8.923031483176093,1.0416299758802159,8.566411959905244,1.5466424699556877e-13
x_var,0.10706562642662136,0.18114655120394083,0.5910442440942931,0.5558515369001238
