term,estimate,std.error,statistic,p.value
(Intercept),10.348085548512064,1.082230480747991,9.561813063479706,1.0817955536717424e-15
x_var,-0.39112118490725556,0.1907950263752253,-2.0499548250176116,0.043039627172933914
