term,df,sumsq,meansq,statistic,p.value
group,2,15.808500000000006,7.904250000000003,49.38340683572218,8.28611871414398e-8
Residuals,17,2.721,0.16005882352941178,NA,NA
