value,x_var,y_var
1,0.9009868727324466,0.9362458214376268
0.9009868727324466,1,0.9840552243907248
0.9362458214376268,0.9840552243907248,1
