value_mean,x_var_mean,y_var_mean,value_sd,x_var_sd,y_var_sd,value_median,x_var_median,y_var_median
10.955,2.14,3.955,0.9875408052861732,0.5481067894412356,0.847581699213772,10.85,2.05,3.8499999999999996
