term,estimate,std.error,statistic,p.value
(Intercept),0.6985108619481424,0.1429906508533827,4.885010717689295,1.1915082510297991e-4
x_var,1.5217238962859148,0.06482853696347832,23.473056273708448,5.9717035891081215e-15
